{
    "employees": [
        {
            "id": 1,
            "name": "Neos",
            "dob": "1985/07/10"
        },
        {
            "id": 2,
            "name": "Wang",
            "dob": "1985/07/10"
        }
    ],
    "tasks":[
        {
            "id":1,
            "cate":"meeting",
            "timeStart":"2019/02/8 14:30:00",
            "timeEnd":"2019/02/8 15:00:00"
        },
        {
            "id":2,
            "cate":"presentation",
            "timeStart":"2019/02/18 15:33:00",
            "timeEnd":"2019/02/18 16:05:00"
        },
        {
            "id":3,
            "cate":"lunch",
            "timeStart":"2019/02/19 11:55:00",
            "timeEnd":"2019/02/19 12:45:00"
        }
    ]
}